[{"model": "cook_app.cookname", "pk": 1, "fields": {"name": "Омлет", "comments": "В глубокую мисочку вбейте яйца, добавьте щепотку соли (при желании также щепотку перца), влейте молоко. Взбейте венчиком или вилкой до однородности. Растопите сливочное масло, вылейте омлет на сковороду. Жарьте его на среднем огне. Когда омлет будет почти готов, можно добавить к нему порезанные помидоры."}}, {"model": "cook_app.cookname", "pk": 2, "fields": {"name": "Утка по-пекински", "comments": "Утку тщательно вымойте, обсушите полотенцем, затем срежьте излишки жира с гузки и шеи. Корень имбиря нарежьте кружочками. Разогрейте духовку до 200°C. Приготовьте маринад: в кастрюлю влейте воду, добавьте имбирь, мед, соевый соус, рисовый уксус, смесь перцев и бадьян. Доведите маринад до кипения и проварите в течение нескольких минут. Утку выложите на решетку, снизу поставьте противень или поддон. Ошпарьте ее горячим маринадом несколько раз, остудите и отправьте в холодильник на 12 часов. Достаньте из холодильника замаринованную утку, натрите солью, верните на решетку с поддоном и отправьте в разогретую до 200°C духовку на 60-90 минут. Готовую утку по-пекински разделайте и подавайте с любимым гарниром."}}, {"model": "cook_app.cookname", "pk": 3, "fields": {"name": "Запеченный картофель", "comments": "Картофель\r\nПромыть очень тщательно все клубни картофеля, затем подсушить их, выложить на противень, который был застелен пекарской промасленной бумагой.\r\nПосолить немного клубни картофеля, затем в течение одного часа запекать их при 180 градусах. Далее посыпать сыром и запекать ещё 10 минут. Ваше блюдо готово."}}, {"model": "cook_app.cookname", "pk": 4, "fields": {"name": "Фахитос", "comments": "Приготовьте маринад для мяса. Смешайте растительное масло, винный уксус, сахар, пропущенные через прессдольки чеснока, соль и перец. Нарежьте говядину тонкими полосками и перемешайте с маринадом. Маринуйте мясо не менее 4 часов. Когда говядина промаринуется, обжарьте ее на сковороде гриль или на обычной сковороде с добавлением небольшого количества растительного масла. Оставшийся маринад можно подать к готовому блюду, для этого доведите его до кипения и, постоянно помешивая, кипятите его минуту, после чего перелейте в глубокую миску. Нарежьте полукольцами лук, перец очистите от семян и нарежьте соломкой. Обжарьте овощи на сковороде гриль. Оберните в лаваш и разогрейте в духовке. В это время нарежьте кружочками лайм, сыр натрите на терке и мелко порубите зелень. Подайте на стол."}}, {"model": "cook_app.units", "pk": 1, "fields": {"name": "шт"}}, {"model": "cook_app.units", "pk": 2, "fields": {"name": "мл"}}, {"model": "cook_app.units", "pk": 3, "fields": {"name": "л"}}, {"model": "cook_app.units", "pk": 4, "fields": {"name": "ст.л"}}, {"model": "cook_app.units", "pk": 5, "fields": {"name": "кг"}}, {"model": "cook_app.units", "pk": 6, "fields": {"name": "зубч"}}, {"model": "cook_app.units", "pk": 7, "fields": {"name": "г"}}, {"model": "cook_app.ingredients", "pk": 1, "fields": {"name": "Яйцо"}}, {"model": "cook_app.ingredients", "pk": 2, "fields": {"name": "Молоко"}}, {"model": "cook_app.ingredients", "pk": 3, "fields": {"name": "Помидор"}}, {"model": "cook_app.ingredients", "pk": 4, "fields": {"name": "Утка"}}, {"model": "cook_app.ingredients", "pk": 5, "fields": {"name": "Вода"}}, {"model": "cook_app.ingredients", "pk": 6, "fields": {"name": "Мед"}}, {"model": "cook_app.ingredients", "pk": 7, "fields": {"name": "Соевый соус"}}, {"model": "cook_app.ingredients", "pk": 8, "fields": {"name": "Картофель"}}, {"model": "cook_app.ingredients", "pk": 9, "fields": {"name": "Чеснок"}}, {"model": "cook_app.ingredients", "pk": 10, "fields": {"name": "Сыр Гауда"}}, {"model": "cook_app.ingredients", "pk": 11, "fields": {"name": "Говядина"}}, {"model": "cook_app.ingredients", "pk": 12, "fields": {"name": "Перец сладкий"}}, {"model": "cook_app.ingredients", "pk": 13, "fields": {"name": "Лаваш"}}, {"model": "cook_app.ingredients", "pk": 14, "fields": {"name": "Винный уксус"}}, {"model": "cook_app.recipes", "pk": 1, "fields": {"cook_name": 1, "ingredient": 1, "count": 2, "unit": 1}}, {"model": "cook_app.recipes", "pk": 2, "fields": {"cook_name": 1, "ingredient": 2, "count": 100, "unit": 2}}, {"model": "cook_app.recipes", "pk": 3, "fields": {"cook_name": 1, "ingredient": 3, "count": 2, "unit": 1}}, {"model": "cook_app.recipes", "pk": 4, "fields": {"cook_name": 2, "ingredient": 4, "count": 1, "unit": 1}}, {"model": "cook_app.recipes", "pk": 5, "fields": {"cook_name": 2, "ingredient": 5, "count": 2, "unit": 3}}, {"model": "cook_app.recipes", "pk": 6, "fields": {"cook_name": 2, "ingredient": 6, "count": 3, "unit": 4}}, {"model": "cook_app.recipes", "pk": 7, "fields": {"cook_name": 2, "ingredient": 7, "count": 60, "unit": 2}}, {"model": "cook_app.recipes", "pk": 8, "fields": {"cook_name": 3, "ingredient": 8, "count": 1, "unit": 5}}, {"model": "cook_app.recipes", "pk": 9, "fields": {"cook_name": 3, "ingredient": 9, "count": 3, "unit": 6}}, {"model": "cook_app.recipes", "pk": 10, "fields": {"cook_name": 3, "ingredient": 10, "count": 100, "unit": 7}}, {"model": "cook_app.recipes", "pk": 11, "fields": {"cook_name": 4, "ingredient": 11, "count": 500, "unit": 7}}, {"model": "cook_app.recipes", "pk": 12, "fields": {"cook_name": 4, "ingredient": 12, "count": 1, "unit": 1}}, {"model": "cook_app.recipes", "pk": 13, "fields": {"cook_name": 4, "ingredient": 13, "count": 2, "unit": 1}}, {"model": "cook_app.recipes", "pk": 14, "fields": {"cook_name": 4, "ingredient": 14, "count": 1, "unit": 4}}, {"model": "cook_app.recipes", "pk": 15, "fields": {"cook_name": 4, "ingredient": 3, "count": 2, "unit": 1}}]